id,question
7ce8c60e,What modifications can I make to the Downward Dog pose to adapt it for my level as a beginner?
7ce8c60e,How does the Twisted variation of Downward Dog specifically contribute to enhancing flexibility?
7ce8c60e,What are some common mistakes practitioners make when performing the Downward Dog pose in a Yin practice?
7ce8c60e,Can you explain how to safely integrate a chair into the Downward Dog pose to improve my alignment?
7ce8c60e,In what sequences or routines is the Twisted Downward Dog most effectively utilized for building strength?
81650e9f,"What are the key benefits of practicing the Eagle Pose, particularly in terms of balance improvement?"
81650e9f,Can you explain how to transition from the standing Eagle Pose to its reclining variation?
81650e9f,What modifications can be made for beginners who may find balance challenging in the Eagle Pose?
81650e9f,How does the reclining version of Eagle Pose differ in focus or benefits compared to the standing position?
81650e9f,In what types of yoga routines or sequences is the Eagle Pose most effectively integrated?
2217a7ac,What specific core-focused benefits can I expect from practicing the Upward Dog pose?
2217a7ac,Are there any specific instructions or modifications for someone with lower back issues while performing Upward Dog?
2217a7ac,How can I integrate Upward Dog into a restorative yoga routine to enhance its effectiveness?
2217a7ac,What are some alternative poses to Upward Dog that still focus on improving posture?
2217a7ac,"In what ways does the use of a blanket enhance the practice of Upward Dog, and when should I consider using it?"
988e61a6,What are some alternative variations of the Triangle Pose that I can incorporate into my practice?
988e61a6,How does the Seated variation of Triangle Pose differ from the traditional standing version?
988e61a6,"What specific props, like blocks, should I use when performing the Triangle Pose to enhance my practice?"
988e61a6,Can you explain the importance of core engagement in the Triangle Pose and how it affects its overall benefits?
988e61a6,In which sequences or routines is the Triangle Pose typically included to improve flexibility?
bd927dc7,"What are the key techniques for practicing the Downward Dog pose effectively, especially when using a block?"
bd927dc7,Can you explain how the Downward Dog variation with a chair can enhance my strength-building efforts?
bd927dc7,"What specific benefits does the Downward Dog pose provide for the back, and how does it fit into an Ashtanga routine?"
bd927dc7,Are there any recommended modifications for beginners practicing Downward Dog to ensure they are using the correct alignment?
bd927dc7,How does the Downward Dog alternative integrate into a sequence focused on improving flexibility?
ace0c8a8,What are the key steps to properly perform Child's Pose for maximum energy benefits?
ace0c8a8,Are there any modifications or alternative poses to consider if I find Child's Pose challenging?
ace0c8a8,How does practicing Child's Pose contribute to my overall flexibility in a power yoga class?
ace0c8a8,In what specific sequences or routines is Child's Pose most effectively incorporated?
ace0c8a8,"What items, such as a blanket, might enhance my comfort during the practice of Child's Pose?"
61b89f6a,What are some variations of Child's Pose that can enhance flexibility during Vinyasa practice?
61b89f6a,How can I modify Child's Pose using a bolster to increase comfort?
61b89f6a,"What props, such as a strap, are recommended to support my practice of Child's Pose effectively?"
61b89f6a,In what sequences or routines is Child's Pose most beneficial for beginners focusing on flexibility?
61b89f6a,"What are the key benefits of incorporating Child's Pose into my regular yoga practice, particularly in Vinyasa classes?"
5dadce83,What are the benefits of practicing Warrior I compared to other standing poses?
5dadce83,How can I modify Warrior I using a strap to enhance stability?
5dadce83,Can you explain the alignment and weight distribution in Warrior I to maintain balance?
5dadce83,What specific restorative practices pair well with Warrior I for improved flexibility?
5dadce83,What are some tips for beginners struggling with the advanced variations of Warrior I?
7e91cc78,What are the key benefits of practicing the Fish Pose in relation to back strength development?
7e91cc78,Are there any specific variations of the Fish Pose that can enhance flexibility during a Vinyasa practice?
7e91cc78,How can the use of a strap enhance my experience while performing the Fish Pose alternative?
7e91cc78,What is the recommended breathing technique to adopt while holding the Fish Pose variation?
7e91cc78,In what kinds of sequences is the Fish Pose typically included to maximize its therapeutic effects?
f1229369,What are the main benefits of practicing Bridge Pose and how does it improve balance?
f1229369,Can you describe the correct alignment and technique for performing Bridge Pose effectively?
f1229369,Are there any specific power yoga sequences where Bridge Pose is particularly beneficial?
f1229369,What modifications or variations can be employed for individuals who find Bridge Pose challenging?
f1229369,How can Bridge Pose enhance my overall flexibility and what other poses can complement this practice?
0440c3ef,"What are the primary benefits of practicing the Chair Pose, particularly for the back?"
0440c3ef,Can you explain how to properly set up the Chair Pose variation while using an actual chair?
0440c3ef,What modifications can beginners make to better execute the Chair Pose without straining?
0440c3ef,"In what types of yoga sequences is the Chair Pose commonly integrated, and how does it enhance flexibility?"
0440c3ef,How does the Chair Pose compare to more advanced Ashtanga poses in terms of strength building?
e7814a4d,What variations of the Low Lunge pose can enhance flexibility during my practice?
e7814a4d,How can I safely transition into the Low Lunge position to ensure proper alignment?
e7814a4d,Are there specific benefits of practicing the Low Lunge pose within a Yin yoga session?
e7814a4d,Can you describe how to effectively use a block while performing the Low Lunge variation?
e7814a4d,What precautions should I take if I'm new to the Low Lunge pose and aiming to improve my flexibility?
84482f9d,What are the specific benefits of practicing Warrior I in a restorative session?
84482f9d,How can I modify Warrior I by using a block instead of practicing it in a traditional standing position?
84482f9d,Can you explain the importance of foot positioning in Warrior I and how it affects balance and stability?
84482f9d,In what scenarios would you recommend using a chair as a prop during the Warrior I pose?
84482f9d,What are some common challenges faced by advanced practitioners when performing Warrior I lying down?
1cbe3074,What are some tips for beginners to effectively perform Cobra Pose?
1cbe3074,How does Cobra Pose contribute to improving balance during an Ashtanga practice?
1cbe3074,Are there any modifications for Cobra Pose that can enhance its flexibility benefits?
1cbe3074,In what sequences or routines is Cobra Pose most beneficial for enhancing flexibility?
1cbe3074,How does the positioning in Cobra Pose compare with other poses aimed at increasing flexibility?
bec5980f,What are the core strengthening benefits of practicing Fish Pose in a Vinyasa sequence?
bec5980f,Can you explain how to properly execute Fish Pose while maintaining balance?
bec5980f,Are there any specific routines or sequences that incorporate Fish Pose to enhance flexibility?
bec5980f,"Is Fish Pose suitable for beginners, and what tips might help in mastering this pose?"
bec5980f,What variations or adaptations might be considered for someone looking to explore Fish Pose alternatives?
e522ee21,"What are the benefits of practicing Warrior II, and how does it enhance energy levels?"
e522ee21,"Can you explain the advanced variations of Warrior II, such as the one with a bolster?"
e522ee21,How does the use of a block in Warrior II help improve balance during this pose?
e522ee21,"In what contexts or routines would Warrior II be most effectively incorporated, especially in terms of flexibility?"
e522ee21,What specific instructions should I follow when transitioning into and out of the Warrior II pose to ensure proper form?
53ab85db,What are the key benefits of practicing Fish Pose in a Vinyasa class?
53ab85db,Can you explain how to properly execute the Fish Pose with a strap for better support?
53ab85db,"What makes Fish Pose an advanced-level posture, and what should beginners be aware of when attempting it?"
53ab85db,In what ways can Fish Pose be modified to accommodate different levels of flexibility?
53ab85db,How does the alignment of the feet in Fish Pose contribute to its effectiveness for the back?
83c099b8,What are the specific steps to correctly perform the Half Pigeon Pose variation for optimal strength?
83c099b8,Can you explain how the Standing variation of Half Pigeon Pose differs from its traditional form?
83c099b8,"What props, like a blanket, can enhance my experience when practicing Half Pigeon Pose?"
83c099b8,In what scenarios is the Half Pigeon Pose best integrated within an Ashtanga routine?
83c099b8,"What are the primary benefits of practicing the Half Pigeon Pose, especially in relation to posture improvement?"
88c36c85,What are the primary body areas that benefit from practicing the Bridge Pose?
88c36c85,How can I modify the Bridge Pose using a strap for better alignment?
88c36c85,Can you explain the proper standing position required to perform the Bridge Pose effectively?
88c36c85,"What is the significance of using a bolster while practicing this pose, and how does it enhance the experience?"
88c36c85,"In what types of yoga sessions is the Bridge Pose most beneficial, especially regarding flexibility and energy boost?"
b983293a,What are the main benefits of practicing the Seated Forward Bend in an Ashtanga routine?
b983293a,Can you describe the proper alignment and form required to execute the Seated Forward Bend effectively?
b983293a,Are there any specific breathing techniques that should be used while holding the Seated Forward Bend pose?
b983293a,How can the Seated Forward Bend be incorporated into a flexibility-focused yoga sequence?
b983293a,What modifications or tips can you suggest for someone new to the advanced Seated Forward Bend?
551ede1e,"What is the primary focus area of Child's Pose, and how does it benefit the back?"
551ede1e,Can you describe the variations of Child's Pose and when to incorporate them into my practice?
551ede1e,"What level of difficulty is Child's Pose, and what makes it classified as advanced?"
551ede1e,How can using a block enhance the experience of practicing Child's Pose?
551ede1e,In what context would you recommend using Child's Pose within an Ashtanga session aimed at improving flexibility?
47e03b56,What are some alternative variations of the Eagle Pose for practitioners who may find the standard pose challenging?
47e03b56,How can I incorporate the Eagle Pose into my existing yin yoga routine to enhance flexibility?
47e03b56,What specific benefits does practicing Eagle Pose provide in terms of energy levels and overall well-being?
47e03b56,Can you explain how to transition from the seated version of Eagle Pose to the standing variation safely?
47e03b56,"What props, such as a chair, might be useful when practicing Eagle Pose to aid in achieving the correct position?"
13e5ca79,What are the key benefits of practicing the Twisted variation of Warrior II in a Yin yoga routine?
13e5ca79,Can you explain the proper alignment and positioning for the sitting version of Warrior II to ensure maximum balance?
13e5ca79,How can I integrate the Warrior II Alternative into my current flexibility-focused practice?
13e5ca79,"What props, specifically a chair, do I need to effectively perform the advanced variant of the Warrior II pose?"
13e5ca79,Are there any specific breathing techniques that enhance the relaxation experienced during the Twisted Warrior II pose?
4619e728,What are some effective ways to modify the Low Lunge pose for beginners?
4619e728,How does the Low Lunge with Chair variation differ in its benefits compared to the traditional version?
4619e728,Can you explain the importance of balance in the Low Lunge position and how to maintain it?
4619e728,"What are the primary muscle groups engaged while practicing the Low Lunge, and how does it enhance flexibility?"
4619e728,"In which sequences or routines is the Low Lunge most beneficial, particularly within Ashtanga practice?"
be97bbf1,What is the main objective of practicing the Triangle Pose with a bolster?
be97bbf1,How can I modify the Triangle Pose for a more advanced practice?
be97bbf1,What props are recommended to enhance my experience in the Triangle Pose variation?
be97bbf1,In which sequences is the lying down Triangle Pose most effectively integrated?
be97bbf1,How does the Triangle Pose benefit my core strength and overall posture?
92dd6316,What are the key benefits of incorporating Warrior I into a power yoga session?
92dd6316,Can you explain how to perform the Warrior I alternative while lying down?
92dd6316,Which props are essential for practicing the Warrior I variation effectively?
92dd6316,How does the lying down version of Warrior I enhance flexibility compared to the traditional stance?
92dd6316,"In what types of sequences is the Warrior I pose most beneficial, particularly for flexibility?"
c6a20421,What are some alternative names for the Chair Pose that I should know about?
c6a20421,Can you explain the variations of Chair Pose and how they differ from the traditional version?
c6a20421,"What specific props do I need for performing the Chair Pose effectively, and how do they help?"
c6a20421,In what types of yoga practices or sequences is the Chair Pose most beneficial?
c6a20421,What are the key instructions for achieving the correct form in Chair Pose to enhance flexibility?
9f6121e9,"What are the key benefits of practicing the Mountain Pose, particularly in a Vinyasa flow?"
9f6121e9,Can you explain how to modify the Mountain Pose using a chair for added support?
9f6121e9,"What variations exist for the Mountain Pose, and how do they enhance its balancing effects?"
9f6121e9,"How does the use of a strap improve the practice of the Mountain Pose, particularly for those with flexibility challenges?"
9f6121e9,In which sequences or routines is the Mountain Pose most effectively integrated to maximize its benefits?
90d6560c,What are the key benefits of incorporating the Reclining variation of Crow Pose into my practice?
90d6560c,Can you describe the recommended alignment and positioning for performing the Crow Pose Alternative effectively?
90d6560c,How does practicing Crow Pose in a Vinyasa sequence enhance its stress-relieving properties?
90d6560c,What modifications should I consider if I find the intermediate difficulty of Crow Pose challenging?
90d6560c,In what scenarios would you suggest using a bolster while practicing the Crow Pose Variation?
a0bc6a56,How can Crow Pose enhance my core strength during a Vinyasa practice?
a0bc6a56,What specific advantages does Crow Pose offer in terms of increasing energy levels?
a0bc6a56,Are there any modifications I can make to Crow Pose if I find it challenging as an intermediate practitioner?
a0bc6a56,In what types of yoga sequences would Crow Pose be most effectively incorporated for a focus on flexibility?
a0bc6a56,What props are suggested for optimizing the practice of Crow Pose and how do they support the pose?
3a711556,What is the primary focus of the Tree Pose and how does it benefit the back?
3a711556,Can you explain how to properly execute the Tree Pose with a chair variation?
3a711556,What level of experience is recommended for practicing the Tree Pose in an Ashtanga session?
3a711556,"Are there any props I should consider using while practicing the Tree Pose, and why?"
3a711556,In what contexts or sequences is the Tree Pose particularly effective for enhancing flexibility?
1558d766,What are the key steps to properly execute the Chair Pose for maximum benefit?
1558d766,How can the Chair Pose enhance my overall energy levels during a restorative yoga session?
1558d766,Are there any specific situations or routines where Chair Pose is particularly effective?
1558d766,"What equipment, such as props, should I use when practicing Chair Pose for added support?"
1558d766,Can you suggest ways to modify the Chair Pose to make it easier or more accessible for beginners?
5d0a67a0,What modifications can be made for the Twisted variation of Boat Pose to suit practitioners of varying skill levels?
5d0a67a0,How does the Twisted position of Boat Pose enhance energy levels during an Ashtanga yoga session?
5d0a67a0,"In what ways can the use of a strap improve the execution of Boat Pose, especially for advanced practitioners?"
5d0a67a0,What specific benefits can one expect from incorporating Boat Pose into a routine that emphasizes flexibility?
5d0a67a0,Can you describe the optimal breathing techniques to use while performing the Twisted variation of Boat Pose?
982d64f3,"What are the primary benefits of practicing Upward Dog, especially in power yoga sessions?"
982d64f3,Can you recommend any modifications for Upward Dog to make it more accessible for beginners?
982d64f3,In what scenarios or sequences would Upward Dog be most effectively incorporated into a yoga routine?
982d64f3,How does the positioning of the feet in Upward Dog influence the overall alignment and effectiveness of the pose?
982d64f3,What is the significance of using a blanket as a prop while practicing Upward Dog?
d30293a9,What are the benefits of incorporating the Mountain Pose variation with a bolster into my practice?
d30293a9,Can you explain how the Mountain Pose helps improve balance and support back health?
d30293a9,What modifications should I consider if I find the standing version of Mountain Pose difficult?
d30293a9,"How does the Mountain Pose fit into a typical vinyasa sequence, and are there specific sequences you recommend that highlight this pose?"
d30293a9,Is there a particular technique or breathing pattern I should follow while practicing the Mountain Pose to maximize its effectiveness?
8d629ce5,What are the benefits of practicing the Twisted variation of Half Pigeon Pose?
8d629ce5,Can you explain how to properly transition into Half Pigeon Pose from other restorative postures?
8d629ce5,Are there specific breathing techniques recommended while holding Half Pigeon Pose to enhance its effects?
8d629ce5,In what sequences is it most beneficial to incorporate the Half Pigeon Pose for improving flexibility?
8d629ce5,"How does the Half Pigeon Pose cater to beginners, and what tips can help make it more accessible?"
d1d86d31,What are the key instructions for performing the Seated Forward Bend pose correctly?
d1d86d31,How does the Seated Forward Bend contribute to improving flexibility in the body?
d1d86d31,Are there specific situations or sequences where the Seated Forward Bend is most beneficial?
d1d86d31,What are some tips for maintaining balance while executing the Seated Forward Bend?
d1d86d31,"Can you explain the role of props, such as straps, in enhancing the practice of the Seated Forward Bend?"
a819f1b2,"What are the primary benefits of practicing the Chair Pose, particularly in enhancing balance?"
a819f1b2,How can the Chair Pose be integrated into a power yoga session effectively?
a819f1b2,Are there any specific variations or alternatives to the Chair Pose that cater to more advanced practitioners?
a819f1b2,"What props, if any, can improve the experience of performing the Chair Pose?"
a819f1b2,Can you explain the ideal way to transition into and out of the Chair Pose to maintain balance and stability?
6e2c56da,What are the specific advantages of incorporating the Downward Dog pose with a bolster in my practice?
6e2c56da,How can I modify the Downward Dog pose for better stability during my Yin yoga sessions?
6e2c56da,What variations exist for the Downward Dog pose that still target the core effectively?
6e2c56da,Could you explain how the Downward Dog Alternative enhances balance in my yoga routine?
6e2c56da,What is the recommended way to integrate the Downward Dog Variation into a sequence emphasizing flexibility?
9324dbe1,What are the benefits of incorporating the Bridge Pose into my vinyasa practice?
9324dbe1,How can I modify the Bridge Pose with a block for better alignment?
9324dbe1,What are some tips for maintaining balance while transitioning into the Bridge Pose?
9324dbe1,What specific areas of the body does the Bridge Pose target and strengthen?
9324dbe1,In what sequences or routines is the Bridge Pose most effectively utilized for enhancing flexibility?
2874f1a5,What are some advanced variations of the Boat Pose that can enhance flexibility?
2874f1a5,How can incorporating a chair assist in performing the Boat Pose with better alignment?
2874f1a5,What specific benefits does the Boat Pose offer in a Vinyasa practice?
2874f1a5,Can you suggest a sequence that includes the Boat Pose to improve overall energy levels?
2874f1a5,"What props, like a bolster, are recommended for practitioners finding the Boat Pose challenging?"
9e58becc,"What are some of the key benefits of practicing the Chair Pose, particularly in relation to energy levels?"
9e58becc,Can you explain how to transition from the Standing Chair Pose to its Reclining variation?
9e58becc,"What props, like a block, can enhance my experience while performing Chair Pose?"
9e58becc,How does the Chair Pose contribute to improving balance during a Vinyasa practice?
9e58becc,In what context is it most effective to incorporate the Reclining variation of Chair Pose into a routine?
2126a387,"What are the key techniques for mastering the Garland Pose, especially for those at an intermediate level?"
2126a387,Could you explain how to effectively use a blanket as a prop when practicing Garland Pose?
2126a387,"What specific core muscles does Garland Pose target, and how does it contribute to overall balance?"
2126a387,Are there any recommended sequences or routines that incorporate Garland Pose for enhanced flexibility?
2126a387,How does the practice of Garland Pose in a yin context differ from its potential applications in more dynamic yoga styles?
fa589647,What are the advantages of practicing the Boat Pose variation with a strap during a yin session?
fa589647,How do I properly position my body when performing the Boat Pose while lying down?
fa589647,Can you describe some effective modifications for the Boat Pose for beginners seeking enhanced strength?
fa589647,In what ways can the Boat Pose contribute to stress relief during my yoga practice?
fa589647,What specific sequences incorporate the Boat Pose that focus on increasing flexibility?
0395f36e,What are the key modifications I can make for the Mountain Pose if I'm looking for a variation with more support?
0395f36e,How does practicing Mountain Pose with a focus on core strength enhance my overall yoga practice?
0395f36e,Can you explain how to properly transition into the Mountain Pose from a seated position?
0395f36e,What should I focus on while balancing in Mountain Pose to prevent wobbling and maintain stability?
0395f36e,"In what types of classes, besides Vinyasa, would the Mountain Pose be particularly beneficial?"
9d438ed4,"What are the benefits of incorporating the Cobra Pose into my practice, especially in terms of relieving stress?"
9d438ed4,"Can you explain how to properly transition from a standing position into Cobra Pose, and are there any important alignment tips?"
9d438ed4,"What variations of the Cobra Pose should I explore to enhance my flexibility, particularly for beginners?"
9d438ed4,How can I use a bolster effectively while practicing Cobra Pose to support my back?
9d438ed4,In what ways can the Cobra Pose be integrated into a Vinyasa flow routine for optimal results?
9834d3b9,"What are some modifications I can make to the Camel Pose for better support, especially with the inclusion of a block?"
9834d3b9,In what ways does practicing the Camel Pose variation aid in enhancing my flexibility?
9834d3b9,"Can you explain the importance of using a chair while practicing the Camel Pose, and how it affects stability?"
9834d3b9,How does the Camel Pose contribute to improving overall posture during a power yoga session?
9834d3b9,What specific benefits can I expect from regularly incorporating the Camel Pose alternative into my flexibility-focused routines?
f0e7376f,What are the primary benefits of practicing the Garland Pose in a power yoga session?
f0e7376f,How can I modify the Garland Pose using a bolster for added support?
f0e7376f,What tips can help me improve my balance while performing the Garland Pose?
f0e7376f,Are there any specific sequences where the Garland Pose is particularly effective?
f0e7376f,What variations of the Garland Pose can I explore to enhance my flexibility?
7bcd67da,What are the key steps to correctly perform the Upward Dog pose with a bolster?
7bcd67da,How can the Upward Dog variation enhance my power yoga practice?
7bcd67da,"What modifications or props, besides a strap, can assist beginners in achieving Upward Dog?"
7bcd67da,Could you explain the benefits of incorporating the Upward Dog pose into flexibility-focused routines?
7bcd67da,In what sequence or progression would you typically include the Upward Dog alternative for best results?
38e4d417,What are the key benefits of practicing Boat Pose in a Yin yoga session?
38e4d417,Can you explain the proper alignment and arm positioning when performing Boat Pose?
38e4d417,Are there any modifications or props that can enhance my experience in Boat Pose?
38e4d417,In what type of routines or sequences is Boat Pose most effectively incorporated?
38e4d417,How does Boat Pose contribute to improving overall balance and strength in the body?
9e5362f0,What are some key benefits of practicing the Twisted variation of Mountain Pose?
9e5362f0,How can I use a chair effectively while performing Mountain Pose to enhance my balance?
9e5362f0,In what types of yoga sessions is the Mountain Pose Variation typically included?
9e5362f0,What modifications can be made if I'm struggling with the balance required in the Mountain Pose?
9e5362f0,"Can you explain the importance of focusing on a specific point while executing the Mountain Pose, especially in a Vinyasa context?"
6d6cc2ed,What is the modified version of the Bridge Pose and how do I perform it?
6d6cc2ed,Can the twisted variation of Bridge Pose be incorporated into a beginner's vinyasa class?
6d6cc2ed,What props do I need to effectively practice the Bridge Pose and its variations?
6d6cc2ed,How does the Bridge Pose help enhance my overall balance during yoga sessions?
6d6cc2ed,"In what contexts or sequences is the Bridge Pose most beneficial, especially for improving flexibility?"
e4bfddd1,What are the key benefits of practicing the Chair Pose in a Power yoga session?
e4bfddd1,How can I modify my alignment in Chair Pose to enhance strength without using props?
e4bfddd1,Can you explain how to maintain balance while transitioning into Chair Pose from a standing position?
e4bfddd1,What variations or alternative poses might complement Chair Pose in a flexibility-focused routine?
e4bfddd1,What should I concentrate on with my gaze while holding Chair Pose to ensure stability and focus?
375d3e3a,What are some effective modifications for the Twisted Triangle Pose to accommodate varying flexibility levels?
375d3e3a,How can I incorporate the Triangle Pose into my existing power yoga routine for maximum benefits?
375d3e3a,"What specific aspects of my body does the Triangle Pose primarily target, and how can I enhance my practice?"
375d3e3a,Are there particular breathing techniques that can enhance my experience while performing the Triangle Pose?
375d3e3a,In what situations would the Triangle Pose be especially beneficial for relieving stress during a yoga session?
8d2c2454,What are the key details for performing the Eagle Pose correctly in a Vinyasa practice?
8d2c2454,"How can incorporating a chair enhance the Eagle Pose, and what are the benefits of using this prop?"
8d2c2454,"Are there specific variations of the Eagle Pose that cater to advanced practitioners, and how do they differ from the standard pose?"
8d2c2454,"What is the significance of focusing on a point while in Eagle Pose, and how does it aid in maintaining balance?"
8d2c2454,In what sequences or routines is the Eagle Pose best utilized to optimize strength and flexibility?
2425d5e3,What are the key benefits of practicing the Upward Dog pose variation?
2425d5e3,How can I modify the Seated variation of Upward Dog to accommodate my flexibility level?
2425d5e3,In what sequences or routines is the Upward Dog pose most effectively incorporated?
2425d5e3,"What props are recommended for the advanced practice of Upward Dog, and how can they enhance the pose?"
2425d5e3,Can you explain the proper alignment and positioning for achieving the best results in the Upward Dog pose?
d96077a7,How can I incorporate the Downward Dog Variation with a Chair into my restorative practice?
d96077a7,What are the specific benefits of practicing the Downward Dog Alternative for improving flexibility?
d96077a7,Can you describe the steps to correctly perform the Downward Dog pose while lying down?
d96077a7,What are some modifications for beginners when practicing Downward Dog with a Chair?
d96077a7,In what types of yoga routines is the Downward Dog pose best utilized to enhance balance?
08293792,What are the key steps to properly perform the Camel Pose for maximum benefit?
08293792,Can you recommend any variations of the Camel Pose for someone who is new to advanced yoga practices?
08293792,How does incorporating blocks into the Camel Pose enhance its restorative effects?
08293792,What specific flexibility improvements can one expect from regularly practicing the Camel Pose?
08293792,In what type of yoga routines would the Camel Pose be most effectively integrated?
14cce0d5,"What are the primary benefits of practicing Triangle Pose, particularly in a restorative context?"
14cce0d5,Can you explain how the use of a strap enhances one's practice of Triangle Pose?
14cce0d5,In what ways does Triangle Pose contribute to building strength and improving balance for intermediate practitioners?
14cce0d5,Are there any specific tips for maintaining stability while transitioning into Triangle Pose?
14cce0d5,How does Triangle Pose fit into a broader sequence that emphasizes flexibility?
2443bb20,"What are the key benefits of practicing Triangle Pose, particularly in a restorative session?"
2443bb20,Can you explain how to perform the Triangle Pose Variation using a chair?
2443bb20,What elements should I focus on to maintain balance while doing the Triangle Pose?
2443bb20,Are there any specific sequences or routines that complement the Triangle Pose to enhance flexibility?
2443bb20,What level of experience is required to effectively practice this advanced pose?
d8d7d683,What are some effective variations of Child's Pose that can enhance balance during practice?
d8d7d683,How can I utilize a strap to improve my alignment in this advanced pose?
d8d7d683,In what ways does Child's Pose contribute to increasing energy levels during Ashtanga sessions?
d8d7d683,Can you explain the significance of grounding the body into the mat while performing this pose?
d8d7d683,How does the Seated variation of Child's Pose differ in benefits from the standard position?
5aabb133,What are the key steps to properly execute the Upward Dog pose variation using a chair?
5aabb133,How can the Upward Dog Alternative help in relieving stress during a Vinyasa flow?
5aabb133,What specific core muscles are engaged when performing the Upward Dog Variation?
5aabb133,In what manner can the chair modification enhance the practice of the Upward Dog pose?
5aabb133,Are there any recommended sequences or routines that incorporate the Upward Dog pose to improve flexibility?
e5d91db8,"What are some key benefits of practicing the Cobra Pose, particularly in a yin practice?"
e5d91db8,Can you explain the correct technique for executing the Cobra Pose with a bolster?
e5d91db8,"How does the Cobra Pose address balance, and what tips can you offer for improving stability in this pose?"
e5d91db8,"What variations exist for the Cobra Pose, and how do they impact the focus on the back?"
e5d91db8,In what ways can the Cobra Pose be incorporated into a routine aimed at enhancing flexibility?
7cb800a6,What are the key alignment tips for practicing Upward Dog to enhance its benefits for posture improvement?
7cb800a6,Can you explain how the Standing variation of Upward Dog differs from the traditional pose in terms of execution and muscle engagement?
7cb800a6,In what scenarios or sequences would you recommend integrating Upward Dog to maximize its effects on strength and flexibility?
7cb800a6,"What props, like blocks, are beneficial for mastering the Upward Dog pose, and how should they be utilized during practice?"
7cb800a6,Could you suggest modifications for beginners who want to practice Upward Dog safely while still gaining its strength benefits?
87d66b9a,What are the primary physical benefits of practicing Downward Dog during power yoga sessions?
87d66b9a,How does the use of a strap enhance the experience of the Downward Dog pose?
87d66b9a,Can you explain the proper alignment and breathing techniques to follow while in Downward Dog?
87d66b9a,Are there any recommended modifications for someone who finds Downward Dog challenging due to its advanced difficulty?
87d66b9a,In what types of sequences should Downward Dog be incorporated to maximize its flexibility benefits?
41923c56,"What are the benefits of practicing Warrior I, particularly in relation to stress relief?"
41923c56,"Could you explain the variations of Warrior I, specifically the Twisted version, and how they differ?"
41923c56,"What props, if any, are recommended to enhance the practice of Warrior I, and how can they be used?"
41923c56,How can Warrior I be incorporated into an Ashtanga routine to improve overall strength and flexibility?
41923c56,What tips can you offer to beginners for maintaining balance while holding Warrior I?
58ae1aa9,What are some variations of the Seated Forward Bend pose that can enhance its restorative benefits?
58ae1aa9,How can I modify the Seated Forward Bend pose using a strap to better support my back during practice?
58ae1aa9,In what sequences is the Seated Forward Bend particularly beneficial for improving flexibility?
58ae1aa9,What specific adjustments should I make when practicing the Seated Forward Bend with a bolster for deeper relaxation?
58ae1aa9,"Can the Seated Forward Bend pose be incorporated into a beginners' class, and if so, how can it be adapted for different skill levels?"
5ae5e843,What are the primary benefits of practicing Boat Pose in a yin yoga session?
5ae5e843,"Can you explain how to properly execute the Boat Pose, including the positioning of the hips and feet?"
5ae5e843,"Are there any props that can assist in enhancing the Boat Pose experience, especially for beginners?"
5ae5e843,How does Boat Pose contribute to overall body strength and stability during yoga practice?
5ae5e843,In what ways can Boat Pose be incorporated into a broader sequence focusing on flexibility and core strength?
baa7cba0,How can the Tree Pose variation with a strap enhance my balance during practice?
baa7cba0,What are the appropriate modifications for beginners when performing the Tree Pose?
baa7cba0,Can you explain the benefits of practicing Tree Pose specifically in a power yoga session?
baa7cba0,In which sequences is the Tree Pose most effectively included for improving flexibility?
baa7cba0,What is the correct alignment for my legs and arms when transitioning into the Tree Pose?
35fb8a68,What are the specific steps to properly execute the Low Lunge pose?
35fb8a68,How does the Low Lunge contribute to overall strength building in restorative yoga sessions?
35fb8a68,Are there any recommended modifications or props for beginners struggling with the traditional Low Lunge?
35fb8a68,In what ways can practicing the Low Lunge enhance flexibility when included in a sequence?
35fb8a68,How can the Low Lunge be integrated into a broader restorative practice?
12b6631f,What are some key adjustments to make when transitioning into Triangle Pose to ensure proper alignment?
12b6631f,Can you explain how the Triangle Pose promotes strength in the lower body specifically?
12b6631f,What are the benefits of practicing Triangle Pose in a restorative session compared to dynamic sequences?
12b6631f,Are there any modifications for beginners who might struggle with the standard version of Triangle Pose?
12b6631f,How can I safely incorporate variations of Triangle Pose into my yoga routine to enhance flexibility?
91e0e8da,What are the key steps to properly execute the Bridge Pose in my practice?
91e0e8da,Can you suggest some modifications for the Bridge Pose to accommodate varying skill levels?
91e0e8da,How does the Bridge Pose enhance balance and strengthen the back during an Ashtanga session?
91e0e8da,In what sequences or routines is the Bridge Pose most effectively incorporated for maximizing flexibility?
91e0e8da,"Are there any particular props, like a strap, that can assist in achieving the correct alignment in Bridge Pose?"
84d31e38,What are the advanced variations of the Low Lunge that I can incorporate into my practice?
84d31e38,How does practicing Seated Low Lunge differ from the traditional Low Lunge in terms of body focus?
84d31e38,"What specific props can enhance my experience while performing the Low Lunge, and how should I use them?"
84d31e38,Can you explain the benefits of integrating the Low Lunge pose into a Vinyasa sequence for back strength development?
84d31e38,In what circumstances would it be more beneficial to practice the Low Lunge Alternative rather than the standard pose?
e0e68613,How does the Eagle Pose contribute to enhancing balance and body coordination?
e0e68613,What are some effective tips for maintaining proper form while practicing Eagle Pose?
e0e68613,"Can you explain the significance of using a block when performing Eagle Pose, especially for beginners?"
e0e68613,"In what ways does Eagle Pose fit into a Vinyasa flow, and are there specific sequences that highlight its benefits?"
e0e68613,"Are there any precautions or contraindications to consider for individuals practicing Eagle Pose, particularly those with back issues?"
2b3e9a7f,What are the key steps to properly execute the Crow Pose variant for beginners?
2b3e9a7f,In what types of sequences or classes is the Crow Pose most effectively incorporated?
2b3e9a7f,How does the Crow Pose support back health and stress relief during practice?
2b3e9a7f,Are there any specific modifications for individuals who may struggle with the standard alignment of Crow Pose?
2b3e9a7f,Can you describe the benefits of transitioning from a seated variation of Crow Pose to its standing form?
71d25c82,What are the key benefits of practicing the Low Lunge pose in my yoga routine?
71d25c82,How can I effectively incorporate the Low Lunge variation with a bolster into my Ashtanga practice?
71d25c82,What techniques can enhance my balance while performing the Low Lunge pose?
71d25c82,Can you explain how to properly use a chair as a prop in the Advanced Low Lunge variation?
71d25c82,In what ways can the Low Lunge pose aid in improving my overall strength during yoga sessions?
bb27551e,What are the key benefits of practicing Child's Pose in a Vinyasa session?
bb27551e,How can I use a block effectively while performing Child's Pose to enhance my stability?
bb27551e,What are some modifications I can make if I find Child's Pose challenging at the beginner level?
bb27551e,In what ways does Child's Pose contribute to improving balance during yoga practice?
bb27551e,Can you suggest sequences that incorporate Child's Pose for better flexibility?
31c1ed0e,What are the main benefits of practicing Warrior II in a restorative session?
31c1ed0e,Can you explain how to properly position your feet and arms in Warrior II for optimal strength?
31c1ed0e,Are there any specific techniques to enhance energy levels while holding the Warrior II pose?
31c1ed0e,In what ways can I modify my approach to Warrior II if I am an advanced practitioner?
31c1ed0e,How does Warrior II fit into a broader sequence aimed at improving flexibility?
20d55fb4,"What are the specific benefits of practicing the Fish Pose, particularly in a Yin yoga session?"
20d55fb4,How can I effectively use a bolster when performing the Fish Pose variation?
20d55fb4,Are there any modifications for beginners who may struggle with the balance required in Fish Pose?
20d55fb4,In what sequences or routines is the Fish Pose most beneficial for enhancing flexibility?
20d55fb4,Can you explain how to maintain proper alignment and focus while in Fish Pose to relieve stress effectively?
464a8c3e,"What are the key steps to properly execute the Camel Pose while lying down, and how can I maintain my balance during the practice?"
464a8c3e,How does using a bolster enhance the experience of performing the Camel Pose compared to traditional methods?
464a8c3e,Can you explain the specific physical benefits of the Camel Pose and how it contributes to relieving stress in advanced practitioners?
464a8c3e,What modifications can be made for beginners trying to incorporate the Camel Pose into their power yoga routine?
464a8c3e,In what sequences or workouts would you recommend including the Camel Pose Variation to maximize its effects on strength and flexibility?
2f4ae24a,What are the primary benefits of practicing the Bridge Pose in restorative yoga sessions?
2f4ae24a,Can you explain the main instructions for getting into Bridge Pose and what to focus on while holding it?
2f4ae24a,How does Bridge Pose specifically help in relieving stress and promoting relaxation?
2f4ae24a,"Are there any recommended props, such as blankets, that should be used to enhance the practice of Bridge Pose?"
2f4ae24a,"In what contexts or routines is it most beneficial to include Bridge Pose, especially regarding flexibility?"
8f444af7,What are the advantages of incorporating Half Pigeon Pose into a restorative yoga practice?
8f444af7,Can you describe the steps for performing the variation of Half Pigeon Pose with a block?
8f444af7,How does Half Pigeon Pose help in strengthening the core during yoga sessions?
8f444af7,In what types of routines is Half Pigeon Pose most effectively included for increasing flexibility?
8f444af7,What modifications can be made for beginners attempting the Intermediate Half Pigeon Pose?
bbfe10fc,What are the main benefits of practicing Half Pigeon Pose in a Yin yoga session?
bbfe10fc,"Can you describe how to perform Half Pigeon Pose correctly and what props, if any, I might need?"
bbfe10fc,Are there any modifications or alternatives to Half Pigeon Pose for those with limited flexibility?
bbfe10fc,In what contexts or sequences should Half Pigeon Pose be incorporated to maximize its effectiveness?
bbfe10fc,"What are some tips for advancing to the full expression of Half Pigeon Pose, given its advanced difficulty level?"
9685f0fc,What are the key benefits of practicing the Twisted variation of Cobra Pose?
9685f0fc,Can you explain the props needed for Cobra Pose and how they enhance the experience?
9685f0fc,In what contexts is the Cobra Pose particularly beneficial for improving flexibility?
9685f0fc,How does the structure of the Twisted Cobra Pose differ from the standard version?
9685f0fc,What tips do you have for achieving the correct alignment while practicing Cobra Pose in a restorative setting?
ebf352d6,What are the key steps to properly execute the Eagle Pose while lying down?
ebf352d6,How can I modify the Eagle Pose to make it more accessible for beginners?
ebf352d6,In what ways does the seated variation of Eagle Pose differ from the standard version?
ebf352d6,What are the specific core benefits gained from practicing the lying down variation of Eagle Pose?
ebf352d6,Can you explain how using a chair as a prop enhances the effectiveness of Eagle Pose in a yin practice?
cf96f9ca,What are some key benefits of incorporating the Mountain Pose into my Ashtanga practice?
cf96f9ca,"Can you explain how to modify the Mountain Pose for a seated variation, and how it compares to the standing version?"
cf96f9ca,"What props, like a blanket, might enhance my experience while practicing Mountain Pose, especially in lying down positions?"
cf96f9ca,"How can I improve my balance while performing the Mountain Pose, and are there any specific tips for maintaining stability?"
cf96f9ca,"In what contexts is the Mountain Pose most beneficial, and how can it be effectively integrated into flexibility-focused routines?"
5920334d,"What variations exist for the Camel Pose, and how can the Standing version enhance my practice?"
5920334d,How does the Standing variant of Camel Pose contribute to core strength compared to its traditional form?
5920334d,"What props are recommended for practicing the Standing Camel Pose, and how do they enhance stability?"
5920334d,"Can the Standing Camel Pose be effectively incorporated into vinyasa sequences for flexibility, and if so, how?"
5920334d,What specific techniques should I focus on to maintain balance while performing the Standing Camel Pose?
85b4efa5,What benefits does Eagle Pose provide specifically for the back?
85b4efa5,Can you explain how to properly transition into Eagle Pose from a standing position?
85b4efa5,What are some tips for using a strap effectively in Eagle Pose?
85b4efa5,In what ways can Eagle Pose be incorporated into a beginner Ashtanga routine?
85b4efa5,Are there any contraindications or precautions to consider while practicing Eagle Pose?
ce7671f4,What are the specific benefits of practicing Warrior I during restorative sessions?
ce7671f4,Could you explain how to modify Warrior I for those who are new to yoga despite it being an advanced pose?
ce7671f4,In what ways does the use of a bolster enhance the experience of Warrior I?
ce7671f4,How does Warrior I contribute to building strength compared to other poses?
ce7671f4,Can you suggest a sequence that includes Warrior I while also focusing on flexibility?
31adba37,"What are the key benefits of practicing the Fish Pose with a chair, especially for beginners?"
31adba37,How can incorporating a block enhance the effectiveness of the Fish Pose variation?
31adba37,In what way does the Fish Pose alternative contribute to improving posture during vinyasa sessions?
31adba37,Can you provide tips on maintaining proper alignment while lying flat in Fish Pose?
31adba37,What sequences would you recommend for integrating Fish Pose into a routine that emphasizes flexibility?
adb6d1bc,What are some effective strategies for achieving balance in Warrior II when practicing without assistance?
adb6d1bc,Can you explain how using a block enhances the Warrior II pose and what variations might be better suited for beginners?
adb6d1bc,In what ways does Warrior II contribute to improving overall posture and strength compared to other poses in a Vinyasa sequence?
adb6d1bc,What modifications can be made for someone with limited flexibility while performing the Warrior II alternative?
adb6d1bc,How does the use of a chair as a prop impact the challenge level and execution of Warrior II?
405092bc,What are the primary benefits of practicing Mountain Pose in terms of balance and flexibility?
405092bc,Can you describe the correct alignment and breathing techniques while in Mountain Pose?
405092bc,"Is Mountain Pose suitable for beginners, or does it cater more to those with intermediate experience?"
405092bc,"Are there any specific props, like a blanket, that can enhance the experience of practicing Mountain Pose?"
405092bc,In what type of yoga routines or sequences is Mountain Pose most effectively incorporated?
16e9c020,What variations of the Seated Forward Bend can enhance its effectiveness for back strength?
16e9c020,How can I incorporate a block into the Twisted version of the Seated Forward Bend for better alignment?
16e9c020,What are the key benefits of practicing the Seated Forward Bend in a Vinyasa flow?
16e9c020,Are there specific modifications for beginners attempting the Intermediate Seated Forward Bend pose?
16e9c020,In which sequences is it most beneficial to include the Seated Forward Bend Alternative for improved flexibility?
901d3c6e,What are some variations of Upward Dog that I can try if I'm a beginner?
901d3c6e,How can I effectively use a blanket while practicing Upward Dog to enhance my experience?
901d3c6e,What specific benefits does Upward Dog provide for improving balance and flexibility?
901d3c6e,"In what kind of yoga routines is Upward Dog most beneficial, and how does it fit into power practices?"
901d3c6e,"Can you explain the correct positioning for the legs in Upward Dog, especially when using a block for support?"
70668156,What are the benefits of practicing Warrior I compared to its seated variation?
70668156,How can I modify the Warrior I pose if I'm struggling with the advanced standing position?
70668156,In what scenarios would the Warrior I pose be most effectively incorporated into a restorative yoga session?
70668156,"What specific props can enhance my practice of the Warrior I Alternative, especially for core engagement?"
70668156,Can you explain the breathing techniques that are most helpful when transitioning into the Warrior I Variation?
57710180,What are the key steps involved in performing the Warrior II pose while seated?
57710180,How can I modify Warrior II for better comfort and support using a chair?
57710180,What specific benefits can I expect from incorporating the seated variation of Warrior II into my yin practice?
57710180,Are there any particular sequences or routines that complement the practice of the seated Warrior II pose?
57710180,"As an intermediate practitioner, what challenges might I face when executing the Warrior II pose, and how can I address them?"
54a44dca,How can I incorporate the Twisted variation of Camel Pose into my power yoga routine?
54a44dca,"What props can assist me while practicing Camel Pose, particularly for beginners?"
54a44dca,Can you explain the specific benefits of practicing the Camel Pose with a focus on the core?
54a44dca,What are the steps I should follow to properly execute Camel Pose while ensuring I maintain balance?
54a44dca,"In which sequences is Camel Pose typically included, especially in terms of enhancing flexibility?"
3490384b,What modifications can I make to the Camel Pose to accommodate my flexibility level?
3490384b,How does using a strap during the Camel Pose Variation enhance its benefits?
3490384b,Can you explain the significance of grounding the body while practicing the Camel Pose?
3490384b,In what ways does the Camel Pose contribute to overall balance and strength?
3490384b,What sequences should I look for that include the Camel Pose for a comprehensive vinyasa practice?
645a8358,"What are the primary benefits of practicing the Warrior II pose, especially regarding posture improvement?"
645a8358,Can you explain the steps to correctly execute the Warrior II alternative and suggest any tips for beginners?
645a8358,Are there any specific sequences or routines where the Warrior II pose is most effectively incorporated?
645a8358,What modifications can be made for those who may find the traditional Warrior II pose challenging due to flexibility issues?
645a8358,"How does Warrior II contribute to a power practice, and why is it considered suitable for beginners?"
16368db1,"What are the key modifications to the Low Lunge pose for beginners, and how does the reclining variation differ from the standard position?"
16368db1,Can you explain how to effectively use a strap while performing the Low Lunge to enhance balance and stability?
16368db1,"In what restorative sequences would the Low Lunge pose be most beneficial, and how does it contribute to overall flexibility in those routines?"
16368db1,"What are the main physical and mental benefits of practicing the Low Lunge, particularly in terms of strength building and balance?"
16368db1,"How can I adapt the Low Lunge pose if I struggle with maintaining balance, and what props might assist in achieving the correct alignment?"
f76a7908,What are the key benefits of practicing the Bridge Pose specifically in a Yin yoga session?
f76a7908,How can I modify Bridge Pose with a bolster to enhance my practice and comfort?
f76a7908,What steps should I follow to achieve the correct alignment while lying down in Bridge Pose?
f76a7908,Could you explain the significance of using a strap as a prop during the Bridge Pose?
f76a7908,In what contexts or sequences is Bridge Pose most beneficial for improving flexibility and strength?
57efdb0b,What are the benefits of incorporating the Boat Pose into my Ashtanga practice?
57efdb0b,Can you explain the steps to transition from the standard Boat Pose to its reclining variation?
57efdb0b,How does the use of a bolster enhance the experience and effectiveness of the Boat Pose?
57efdb0b,In which sequences would the Boat Pose be most effectively integrated for improving core strength?
57efdb0b,What modifications can be made if I find the Boat Pose too challenging in my current practice?
4b671d05,What adaptations can I make to the Downward Dog pose to suit an intermediate level practitioner?
4b671d05,Can you explain how to transition into the Standing variation of Downward Dog in a yin practice?
4b671d05,"What props, like a bolster, might enhance the experience of performing Downward Dog?"
4b671d05,How does the Downward Dog pose contribute to improving overall posture during a yoga session?
4b671d05,In what ways can I incorporate the Downward Dog Alternative into my routine for better flexibility?
fa9d4c2e,What are the key instructions for executing the Twisted variation of the Chair Pose?
fa9d4c2e,How can incorporating a strap enhance my experience in the lying down version of Chair Pose?
fa9d4c2e,In what ways does the Chair Pose benefit back health and increase overall energy?
fa9d4c2e,Could you explain the difficulty level of the Chair Pose and suggest tips for beginners who want to try it?
fa9d4c2e,What are some recommended sequences or routines that include the Chair Pose to improve flexibility?
212511a2,"What are the main benefits of practicing the Crow Pose Variation, particularly in terms of stress relief?"
212511a2,Can you explain how to safely transition into the Crow Pose while using a bolster as a prop?
212511a2,What modifications can be made to the basic Crow Pose to enhance balance for beginners?
212511a2,In what types of yoga sequences is the Crow Pose Alternative most effectively utilized for improving flexibility?
212511a2,How does the use of a chair as a support affect the practice of Crow Pose in a yin session?
1e61ff86,What are the primary benefits of practicing Cobra Pose within a Yin yoga context?
1e61ff86,Can you explain the proper technique for getting into Cobra Pose and any tips for maintaining balance?
1e61ff86,"Are there any props that enhance the practice of Cobra Pose, and how should they be utilized?"
1e61ff86,"What makes Cobra Pose suitable for intermediate practitioners, and what should beginners be mindful of when attempting it?"
1e61ff86,In what sequences or routines is Cobra Pose most effectively integrated for improving flexibility?
9e0459c4,What are the primary benefits associated with practicing the Camel Pose?
9e0459c4,"Can you explain how to properly execute the Camel Pose, including any specific alignment tips?"
9e0459c4,"In what type of yoga practice is the Camel Pose most commonly integrated, and why?"
9e0459c4,"Are there any recommended props to enhance the experience of practicing Camel Pose, and how should they be used?"
9e0459c4,How does the Camel Pose compare to other poses in terms of difficulty and its impact on balance?
8fa2c463,What are the benefits of incorporating the Twisted variation of Tree Pose into my routine?
8fa2c463,How can I modify the Tree Pose to enhance flexibility while practicing the Vinyasa style?
8fa2c463,"What props should I use to support my practice of the advanced version of Tree Pose, particularly when lying down?"
8fa2c463,Can you explain the proper alignment and breathing techniques for the lying down variant of Tree Pose?
8fa2c463,"In what sequences is the Tree Pose most beneficial, especially for relieving stress?"
42708f6b,What are the specific benefits of incorporating the Downward Dog pose into my Ashtanga practice?
42708f6b,Can you explain how the reclining variation of Downward Dog differs from the traditional version?
42708f6b,"What is the recommended use of a strap when practicing the Downward Dog pose, especially for an advanced practitioner?"
42708f6b,How can I integrate the Downward Dog pose into a routine that emphasizes flexibility?
42708f6b,What tips do you have for perfecting the alignment and technique in the Downward Dog Variation?
00414aa7,What is the primary focus of the Fish Pose in terms of body benefits?
00414aa7,How does Fish Pose enhance your posture during a power yoga practice?
00414aa7,Can you explain the correct method to get into the Fish Pose for optimal flexibility?
00414aa7,Are there any specific sequences that incorporate the Fish Pose for best results?
00414aa7,What level of difficulty is the Fish Pose and what makes it suitable for intermediate practitioners?
11120f9d,What benefits does practicing Warrior I provide in terms of stress relief?
11120f9d,Can you suggest any modifications or variations for someone who is new to Warrior I?
11120f9d,How does the alignment in the Warrior I pose contribute to overall balance during Ashtanga practice?
11120f9d,Are there specific breathing techniques to incorporate while holding Warrior I?
11120f9d,In what sequences is Warrior I commonly used to enhance flexibility during yoga sessions?
01ca7a7e,What are the specific steps to perform the Twisted variation of Upward Dog for beginners?
01ca7a7e,How does practicing Upward Dog contribute to improving overall balance in my yoga practice?
01ca7a7e,Can you explain the role of the bolster in enhancing the Upward Dog pose's effectiveness?
01ca7a7e,"In what scenarios or sequences is the Upward Dog pose most beneficial, particularly for flexibility?"
01ca7a7e,Are there any modifications for the Upward Dog pose that I should consider if I have limited flexibility?
05f7fc30,What is the significance of using a chair as a prop in the advanced variation of Tree Pose?
05f7fc30,How does the Tree Pose contribute to core strength during power yoga practices?
05f7fc30,Can you explain the benefits of practicing Tree Pose while lying down with a block?
05f7fc30,In what ways does incorporating variations like Tree Pose with a block enhance flexibility routines?
05f7fc30,What are some common challenges practitioners face when attempting the advanced Tree Pose variations?
f2f25684,What are the key benefits of practicing the Low Lunge pose during a Yin yoga session?
f2f25684,How can I modify the Low Lunge to accommodate my flexibility needs?
f2f25684,"What specific body areas does the Low Lunge primarily target, and how does it impact them?"
f2f25684,Could you explain the steps to properly perform the Low Lunge variation while lying down?
f2f25684,"In what types of yoga routines is the Low Lunge particularly beneficial, and why?"
7dcca7c4,What are some modifications for the Boat Pose to make it more accessible for beginners?
7dcca7c4,Can the Seated variation of Boat Pose be integrated into other restorative practices for enhanced flexibility?
7dcca7c4,How does practicing Boat Pose help alleviate stress during a yoga session?
7dcca7c4,What specific tips would you recommend for maintaining stability while performing the Boat Pose lying down?
7dcca7c4,In what ways can the Boat Pose Alternative contribute to a well-rounded flexibility-focused routine?
4b4b8878,What are the key instructions for achieving proper alignment in the Mountain Pose when lying down?
4b4b8878,How does practicing the Mountain Pose help improve core stability and balance?
4b4b8878,Are there any specific adaptations or modifications for beginners attempting this advanced pose?
4b4b8878,In what types of yoga sequences is the Mountain Pose most effectively incorporated for restorative benefits?
4b4b8878,Can you explain how the Mountain Pose contributes to enhancing flexibility during yoga practice?
e5e2039b,"What are the primary benefits of practicing the Camel Pose, particularly in its reclining variation?"
e5e2039b,How can I effectively integrate the Camel Pose into a restorative yoga routine?
e5e2039b,What modifications or props may help beginners when performing the reclining version of Camel Pose?
e5e2039b,"In what ways does the Camel Pose focus on core strength, and how is this beneficial for overall practice?"
e5e2039b,Can you explain how the breath work in Camel Pose contributes to energy increase during practice?
97d41881,What are the key alignment cues to remember when practicing Triangle Pose with a block?
97d41881,How can I adapt the Triangle Pose for different levels of flexibility?
97d41881,What specific benefits can I expect to gain from regularly practicing Triangle Pose in my Vinyasa sessions?
97d41881,Are there any contraindications or common mistakes to avoid while performing Triangle Pose?
97d41881,How does the Triangle Pose variation enhance balance and energy compared to the standard pose?
ae5305b5,How can Camel Pose help in improving my posture during my yoga practice?
ae5305b5,What are some other poses that complement Camel Pose in a routine?
ae5305b5,Is there a specific breathing technique I should follow while performing Camel Pose?
ae5305b5,"As a beginner, what tips can you provide for ensuring proper alignment in Camel Pose?"
ae5305b5,Are there any contraindications or situations where I should avoid practicing Camel Pose?
d236c368,What are the specific advantages of incorporating the Crow Pose Variation into my flexibility routines?
d236c368,Can you explain how to perform the Crow Pose with a strap while lying down?
d236c368,"Which chair modifications can enhance my experience of Crow Pose, especially regarding back posture?"
d236c368,Is there a recommended sequence for practicing Crow Pose that emphasizes its benefits for the back?
d236c368,How does the difficulty level of the Crow Pose alternative compare to other advanced poses in Vinyasa yoga?
1a9f03fa,"What are the specific benefits of practicing Crow Pose, especially when focusing on back alignment?"
1a9f03fa,Can you explain how to effectively use a blanket as a prop during the Crow Pose variation?
1a9f03fa,What modifications can be made in Crow Pose to support beginners as they progress towards this intermediate level?
1a9f03fa,How does the Crow Pose contribute to improving overall posture in restorative practices?
1a9f03fa,"In what types of yoga routines is the Crow Pose variation most beneficial, particularly for enhancing flexibility?"
79282e7d,What are some modifications for the Chair Pose to accommodate beginners who may struggle with balance?
79282e7d,How does incorporating a bolster into the Chair Pose variation enhance its benefits for stress relief?
79282e7d,"Can you explain how to utilize a block effectively while practicing Chair Pose, especially for those new to yoga?"
79282e7d,In what contexts or sequences is Chair Pose most beneficial when focusing on flexibility in a yin practice?
79282e7d,"What specific strengths does the Chair Pose help develop, and how can practitioners track their progress in this pose?"
06ae1fa7,What are the key benefits of practicing Child's Pose with a block in Ashtanga yoga?
06ae1fa7,Can you explain the steps to achieve the ideal alignment in the Child's Pose variation?
06ae1fa7,How does the Child's Pose contribute to improving balance in my yoga practice?
06ae1fa7,Are there any specific modifications or advancements for the Child's Pose for different levels of practitioners?
06ae1fa7,In what context is the Child's Pose best incorporated into a sequence focused on flexibility?
ec34090b,What are the key steps to properly execute the Cobra Pose in its reclining form?
ec34090b,Can you explain how using a bolster enhances the benefits of the Cobra Pose alternative?
ec34090b,"What specific areas of the body does the Cobra Pose primarily target, especially when practiced in a yin session?"
ec34090b,Are there any beginner-friendly modifications or alternatives to the intermediate-level Cobra Pose?
ec34090b,How does incorporating the Cobra Pose within a flexibility-focused routine impact overall core strength?
7c61c5c3,What are the key instructions for performing the Standing Boat Pose variation?
7c61c5c3,How does the Standing Boat Pose contribute to developing flexibility and strength?
7c61c5c3,Can you suggest any modifications for practicing the Standing Boat Pose using a bolster?
7c61c5c3,In what types of yoga sessions is the Standing Boat Pose most beneficial to incorporate?
7c61c5c3,What specific challenges might an intermediate practitioner face when attempting the Standing Boat Pose?
97931e14,What are the key benefits of incorporating the Low Lunge pose into my Vinyasa practice?
97931e14,How can I modify the Low Lunge using a strap for better support?
97931e14,What is the recommended setup for practicing Low Lunge with a bolster?
97931e14,Are there any specific sequences where the Low Lunge is particularly effective for improving flexibility?
97931e14,What should I focus on to ensure correct alignment and posture while performing the Low Lunge variation?
afe33807,"What are the primary advantages of practicing the Fish Pose, especially in a Yin yoga context?"
afe33807,"Can you explain the steps involved in executing the Reclining Fish Pose, including any specific alignment tips?"
afe33807,What modifications can be made to the Fish Pose for beginners or those with limited flexibility?
afe33807,"How does the Chair prop enhance the effectiveness of the Fish Pose, and are there any specific instructions for using it?"
afe33807,In what types of yoga sequences would the Fish Pose be incorporated to maximize its benefits?
0fc8bd91,"What are the key variations of Child's Pose, particularly the Twisted version, and how do they differ in terms of benefits?"
0fc8bd91,"Can you explain how Child's Pose, specifically in its twisted form, enhances flexibility?"
0fc8bd91,"What props can enhance the practice of Child's Pose, and how should they be utilized during the pose?"
0fc8bd91,"In what context is Child's Pose particularly beneficial, and how does it fit into restorative yoga sessions?"
0fc8bd91,"What are the essential steps to correctly perform the Twisted variation of Child's Pose, and what tips can help maintain balance during the pose?"
10d1e50e,What are the key instructions for performing the Fish Pose in a standing position?
10d1e50e,"How can I modify the Fish Pose for a greater twist, and what benefits does this variation offer?"
10d1e50e,"What props, such as a bolster, might enhance my practice of the Fish Pose and why are they useful?"
10d1e50e,"In which Ashtanga routines is the Fish Pose most commonly integrated, especially for improving flexibility?"
10d1e50e,What strategies can I employ to maintain balance while transitioning into the Fish Pose?
b2c503bf,"What are the essential steps to properly execute the Tree Pose, and how can I ensure I maintain balance throughout the practice?"
b2c503bf,Can you explain how the Tree Pose contributes to overall flexibility and strength in advanced yoga sessions?
b2c503bf,Are there any specific warm-up exercises or sequences recommended before attempting the Tree Pose in a power practice?
b2c503bf,"How can I adapt the Tree Pose to make it more accessible for beginners, considering its advanced difficulty level?"
b2c503bf,"What are some common mistakes to avoid when performing the Tree Pose, and how can I use props like a blanket to enhance my practice?"
4d6e7fbd,What are the key benefits of practicing the Half Pigeon Pose in a Yin yoga session?
4d6e7fbd,Can you explain how to safely transition into the Reclining variation of the Half Pigeon Pose?
4d6e7fbd,"What props should I use to enhance my experience in Half Pigeon Pose, and how do they assist with balance?"
4d6e7fbd,How does practicing Half Pigeon Pose improve my overall posture during yoga routines?
4d6e7fbd,In what scenarios would Half Pigeon Pose be particularly beneficial for enhancing flexibility?
7e2e022a,What are the key benefits of incorporating the Bridge Pose into my flexibility-focused practice?
7e2e022a,Can you explain how to modify the Bridge Pose using a chair for better support?
7e2e022a,What variations of the Bridge Pose are most effective for enhancing flexibility?
7e2e022a,In what types of vinyasa sequences is the Bridge Pose most commonly included?
7e2e022a,How can practicing the Bridge Pose improve my overall posture during yoga sessions?
dc0726e6,"What are the key benefits of practicing the Warrior II pose, especially in a Yin yoga context?"
dc0726e6,"How do you perform the Warrior II variation while using a chair, and what adjustments might be needed?"
dc0726e6,"In what ways does the Warrior II pose improve balance, and how does this specifically relate to intermediate practitioners?"
dc0726e6,Can you describe the correct setup for using a block in Warrior II and how it enhances the pose?
dc0726e6,What are some effective sequences or routines that incorporate Warrior II to promote flexibility and stability?
228ed9fa,"What are the primary benefits of practicing Crow Pose, particularly in restorative sessions?"
228ed9fa,Are there any suitable variations or alternatives to Crow Pose for beginners?
228ed9fa,How does the use of a block enhance the effectiveness of Crow Pose?
228ed9fa,In what ways can Crow Pose help improve my overall balance and strength?
228ed9fa,Can you suggest a sequence that incorporates Crow Pose to enhance flexibility during my practice?
b9d8d5c1,"What are the key benefits of practicing the Mountain Pose, and how does it specifically enhance posture?"
b9d8d5c1,Can you explain the steps to achieve proper alignment in Mountain Pose while ensuring stability?
b9d8d5c1,Are there any specific tips for maintaining balance while shifting weight onto one leg in the Mountain Pose?
b9d8d5c1,Is Mountain Pose suitable for beginners or should it only be attempted by advanced practitioners?
b9d8d5c1,How does Mountain Pose fit into sequences focused on flexibility within restorative yoga practices?
a5b818cd,How can I incorporate the Cobra Pose variation using a chair into my routine?
a5b818cd,"What are the primary advantages of practicing the Cobra Pose, especially for beginners?"
a5b818cd,Can you suggest modifications for the Cobra Pose to enhance balance and flexibility?
a5b818cd,"In what types of yoga sessions is the Cobra Pose typically included, and why?"
a5b818cd,"What specific body areas does the Cobra Pose target, and how does it benefit my back?"
17a1e4a2,What are the key steps to achieve the Downward Dog pose with a strap?
17a1e4a2,How does the Downward Dog variation contribute to energy levels during a Yin practice?
17a1e4a2,Can you explain how to maintain balance while performing this pose with a chair as a prop?
17a1e4a2,What modifications can I make for beginners who want to try the Downward Dog alternative?
17a1e4a2,In what sequences is the Downward Dog pose commonly included to enhance flexibility?
2915c788,What variations exist for the Mountain Pose that focus on increasing flexibility?
2915c788,How can the Mountain Pose be adapted for someone who needs extra support or wants to incorporate props?
2915c788,What are the key benefits of practicing the Mountain Pose in a Power yoga session?
2915c788,Could you explain the correct alignment and positioning when transitioning into Mountain Pose from a standing position?
2915c788,In what types of routines is the Mountain Pose most effectively integrated to enhance overall flexibility?
3f5ec4a6,What are the key steps to properly perform the Downward Dog pose?
3f5ec4a6,How can incorporating blocks enhance my experience with Downward Dog?
3f5ec4a6,Are there specific tips to maintain stability while practicing this advanced posture?
3f5ec4a6,In what ways does Downward Dog contribute to improving overall body alignment?
3f5ec4a6,Can you suggest modifications for beginners who want to work towards the Downward Dog?
fa56874c,What is the primary focus of the Child's Pose and how does it contribute to improving balance?
fa56874c,Can you explain the steps to perform the reclining variation of Child's Pose correctly?
fa56874c,In what context or routine is the Child's Pose variation most effectively incorporated?
fa56874c,"What props are recommended to enhance the practice of Child's Pose, and why are they useful?"
fa56874c,Are there any safety tips or modifications for beginners when attempting Child's Pose?
490b8260,What are the specific advantages of incorporating the Seated Forward Bend into a power yoga routine?
490b8260,Can you explain the alternative method using a chair for the Seated Forward Bend and when it might be beneficial?
490b8260,How does practicing the Seated Forward Bend contribute to improving flexibility in the back?
490b8260,What variations of the Seated Forward Bend are recommended for beginners who may struggle with the traditional position?
490b8260,In what scenarios or sequences is the Seated Forward Bend most effectively utilized to enhance energy levels?
742bc9d1,What are some key instructions for performing the Cobra Pose with a strap?
742bc9d1,Can you explain the benefits of practicing the Cobra Pose in a yin session?
742bc9d1,How does the Cobra Pose variation contribute to improving balance during practice?
742bc9d1,Are there any specific modifications for beginners looking to try the Cobra Pose with a chair?
742bc9d1,In what types of yoga routines would the Cobra Pose be most effectively incorporated?
80f15adb,What are the key alignment points to maintain while practicing Camel Pose to ensure safety and effectiveness?
80f15adb,"Can you explain how Camel Pose fits into an Ashtanga yoga sequence, specifically regarding its role in enhancing flexibility?"
80f15adb,Are there any preparatory poses recommended before attempting Camel Pose to aid in achieving the correct form?
80f15adb,What specific benefits does practicing Camel Pose provide for balance and how might that impact other yoga poses?
80f15adb,"Could you suggest any modifications or alternatives for those who may find Camel Pose challenging, particularly regarding the use of props like a bolster?"
cb778016,What are some modifications I can use to enhance the Child's Pose variation with a strap?
cb778016,How does the Child's Pose contribute to increasing energy levels during a Vinyasa practice?
cb778016,In what situations would you recommend incorporating the Child's Pose alternative into a sequence focused on flexibility?
cb778016,Can you explain the specific benefits of practicing this advanced variation of Child's Pose for the back?
cb778016,"What props, besides a strap, might complement the Child's Pose when aiming to deepen the stretch?"
